{"features": {"ambient_light": {"value": 0.25}, "directional_light": {"lights": [-0.1, -0.15, -1]}}, "size": [40.0, 30.0], "translation": [0.0, 0.0, -50.0], "rotation": [0.9977461099624634, 0.023801494389772415, -0.0627349317073822, 0.0005575661780312657], "zoom": 11, "pixel_scale": 20, "primitives": [{"class": "Lines", "attributes": {"start_points": [[-1.0, -1.0, -1.0], [-1.0, -1.0, 1.0], [-1.0, 1.0, 1.0], [-1.0, 1.0, -1.0], [-1.0, -1.0, -1.0], [-1.0, -1.0, 1.0], [-1.0, 1.0, 1.0], [-1.0, 1.0, -1.0], [1.0, -1.0, -1.0], [1.0, -1.0, 1.0], [1.0, 1.0, 1.0], [1.0, 1.0, -1.0]], "end_points": [[-1.0, -1.0, 1.0], [-1.0, 1.0, 1.0], [-1.0, 1.0, -1.0], [-1.0, -1.0, -1.0], [1.0, -1.0, -1.0], [1.0, -1.0, 1.0], [1.0, 1.0, 1.0], [1.0, 1.0, -1.0], [1.0, -1.0, 1.0], [1.0, 1.0, 1.0], [1.0, 1.0, -1.0], [1.0, -1.0, -1.0]], "widths": [0.10000000149011612, 0.10000000149011612, 0.10000000149011612, 0.10000000149011612, 0.10000000149011612, 0.10000000149011612, 0.10000000149011612, 0.10000000149011612, 0.10000000149011612, 0.10000000149011612, 0.10000000149011612, 0.10000000149011612], "colors": [[0.0, 0.0, 0.0, 1.0], [0.20083138346672058, 0.06937287747859955, 0.21655207872390747, 1.0], [0.5670504570007324, 0.3139238655567169, 0.17881697416305542, 1.0], [0.45056164264678955, 0.14801986515522003, 0.2499999850988388, 1.0], [0.0, 0.0, 0.0, 1.0], [0.20083138346672058, 0.06937287747859955, 0.21655207872390747, 1.0], [0.5670504570007324, 0.3139238655567169, 0.17881697416305542, 1.0], [0.45056164264678955, 0.14801986515522003, 0.2499999850988388, 1.0], [0.5222914814949036, 0.5438405275344849, 0.20405900478363037, 1.0], [0.46250414848327637, 0.7442010045051575, 0.4288170337677002, 1.0], [0.7853764891624451, 0.9035021662712097, 0.9665521383285522, 1.0], [0.5494383573532104, 0.8519801497459412, 0.75, 1.0]], "translation": [0.0, 0.0, -50.0], "rotation": [0.9977461099624634, 0.023801494389772415, -0.0627349317073822, 0.0005575661780312657]}, "translation": [0.0, 0.0, -50.0], "rotation": [0.9977461099624634, 0.023801494389772415, -0.0627349317073822, 0.0005575661780312657]}]}